article_id,text,context,context_link,image_url
lJq1AL0hzGRUulh,"Cebu Pacific Air set to make history with massive $24 billion order for 152 Airbus jets, powered by Pratt & Whitney engines","Cebu Pacific Air is the Philippines' largest low-cost airline, founded in 1988 and operating flights to domestic and international destinations. The airline has experienced significant growth, becoming the country's largest carrier by passenger numbers in 2010, and recently reported its first full-year post-pandemic profit in 2023.",https://en.wikipedia.org/wiki/Cebu_Pacific,
7EA1EDyLwPq90OF,Merck KGaA partners with Afrigen Biologics to boost mRNA vaccine production in developing countries,"Merck KGaA is a German multinational science and technology company founded in 1668, operating in healthcare, life sciences, and electronics. With about 60,000 employees and a presence in 66 countries, it is one of the largest pharmaceutical companies globally, with major research centers in Darmstadt, Boston, Tokyo, and Beijing.",https://en.wikipedia.org/wiki/Merck_KGaA,
XYgRkEDcAYt3uPX,"Rivian's electric delivery vans for Amazon face safety scrutiny after three catch fire in Houston, showcasing the importance of EV battery safety measures.","Rivian is an American electric vehicle manufacturer founded in 2009, producing electric SUVs, pickup trucks, and delivery vans. The company raised over $13.5 billion in its 2021 IPO and has a manufacturing plant in Illinois with plans for expansion in Georgia.",https://en.wikipedia.org/wiki/Rivian,
DJdnZnKQm8FS8Ql,"Tesla expands its presence in Idaho with a new dealership and Supercharger station in Meridian, marking its second location in the Boise area.",,"https://en.wikipedia.org/wiki/Tesla,_Inc.",
EefXjiU76PGXD1i,Visa partners with Tangem to enable crypto payments via hardware wallets at millions of merchant locations worldwide,,https://en.wikipedia.org/wiki/Stablecoin,
rsAVxoeGINuV54F,Amazon joins forces with merging luxury giants Saks and Neiman Marcus to revolutionize high-end retail,,https://en.wikipedia.org/wiki/Saks_Fifth_Avenue,
SaQ3vXHKAY1b7Bg,Roche halts lung cancer study after new immunotherapy combo fails to outperform Merck's Keytruda,"Non-small cell lung cancer (NSCLC) accounts for about 85% of all lung cancers and is relatively insensitive to chemotherapy. Treatment options include surgery, radiation therapy, chemotherapy, and targeted therapies like immunotherapy, with survival rates varying significantly based on the stage of the disease.",https://en.wikipedia.org/wiki/Non-small_cell_lung_carcinoma,
Q4GNpoVyZxcJ2fR,"JPMorgan Chase plans to charge for currently free services in response to proposed fee restrictions, says executive Marianne Lake.",,https://en.wikipedia.org/wiki/JPMorgan_Chase,
GMy9p0eaUl13Pue,"Meta invests $800 million in new AI-focused data center in Wyoming, creating jobs and running on 100% renewable energy",,https://en.wikipedia.org/wiki/Meta_Platforms,
hbvLDIDTmRnsCxp,Web3 startup Altcoinist secures $1.5M funding to build blockchain-based subscription tool for creator economies,,https://en.wikipedia.org/wiki/Blockchain,
u6Pg7iOUzD6tYZx,"ConocoPhillips sues to challenge Biden's drilling ban in Alaska's National Petroleum Reserve, citing violation of federal law mandating oil development.","The National Petroleum Reserve in Alaska (NPRA) is a 23.6 million acre federal land tract on Alaska's North Slope, managed by the Bureau of Land Management. It's ecologically significant for wildlife, particularly birds and caribou, and has been subject to ongoing debates between oil development and environmental conservation.",https://en.wikipedia.org/wiki/National_Petroleum_Reserve%E2%80%93Alaska,
KpQVAlquqCI0F5o,"Talen Energy defends Amazon data center deal against utility companies' opposition, citing potential consumer cost increases.",,https://en.wikipedia.org/wiki/Electric_utility,
SXYu1Lc3a9uO4zP,"Ford's battery partner SK On struggles as EV sales slump in Europe and US, impacting their joint venture BlueOval SK","SK On, a subsidiary of SK Innovation, is a major player in the electric vehicle battery market, ranking fifth globally with a 7% market share in early 2022. The company has a significant joint venture with Ford Motor called BlueOval SK to manufacture batteries for Ford and Lincoln electric vehicles.",https://en.wikipedia.org/wiki/SK_On,
PnjQQnVdRcc0uyM,"Amazon workers in Coventry vote on union representation, potentially marking a first for the company in the UK","GMB is a large UK trade union with over 560,000 members across various industries. It has been involved in significant legal cases supporting workers' rights, particularly in the gig economy, and is a major affiliate and financial contributor to the Labour Party.",https://en.wikipedia.org/wiki/GMB_(trade_union),
5Kz0l9OxOVh3HTv,"Tron founder Justin Sun unveils plans for gas-free stablecoin transfers on Tron and Ethereum, aiming to revolutionize blockchain transactions.",,https://en.wikipedia.org/wiki/Stablecoin,
LbdU7tJs7kmvPTs,"Eli Lilly set to acquire Morphic Holding, boosting its immunology pipeline and potential treatments for inflammatory bowel disease.","Integrins are transmembrane receptors crucial for cell-cell and cell-extracellular matrix adhesion, playing key roles in signal transduction and cellular processes. They are composed of α and β subunits, with 24 unique combinations in mammals, and are involved in various biological activities including cell migration, immune responses, and blood clotting.",https://en.wikipedia.org/wiki/Integrin,
Yf1r2FhKkGOKGod,"Apple removes VPN apps from Russian App Store, complying with government request to limit access to censorship-bypassing tools.",,https://en.wikipedia.org/wiki/Virtual_private_network,
LEDUHBtIa4kYuuS,"Microsoft's Azure customers in China retain access to OpenAI models, bypassing the company's API restrictions in the country.",,https://en.wikipedia.org/wiki/OpenAI,
qGEsqM6cQYdDZPJ,UnitedHealth faces class action lawsuit over alleged misrepresentations about preventing anti-competitive behavior between its divisions,,https://en.wikipedia.org/wiki/Class_action,
7rqYBL34fb8zBVK,Privacy group noyb files GDPR complaint against Microsoft's Xandr for alleged data access and transparency violations in targeted advertising practices.,"Xandr is Microsoft's advertising and analytics subsidiary, operating a platform called Community for digital advertising. It was acquired by Microsoft from AT&T in June 2022 for approximately $1 billion, aiming to bolster Microsoft's advertising and retail media business.",https://en.wikipedia.org/wiki/Xandr,
Fnao64IZF0xQzKd,Hong Kong's Eddid Financial introduces all-in-one trading app featuring Bitcoin and Ether alongside traditional assets,,https://en.wikipedia.org/wiki/Bitcoin,
XsWaMItkD3mDx3v,"Major Bitcoin miner Hut 8 Corp. secures massive 205 MW power deal in West Texas, boosting its energy capacity to 1.3 GW","Power Purchase Agreements (PPAs) are long-term contracts between electricity generators and customers, typically lasting 5-20 years, that play a key role in financing independent power producers, especially renewable energy projects. In 2021, over 137 firms in 32 countries reported signing PPAs, indicating their growing importance in the energy sector.",https://en.wikipedia.org/wiki/Power_purchase_agreement,
GPJzfRdm9yYfgsg,DFI introduces new Intel-powered System-on-Module for advanced edge computing and IoT applications,"A System-on-Module (SoM) is a board-level circuit integrating various system functions, typically used in embedded systems for cost reduction and design reuse. SoMs have been utilized by major tech companies like Sun Microsystems, Motorola, and IBM in their blade computers.",https://en.wikipedia.org/wiki/System_on_module,
TWKAJzhnGEvnKdD,"Exodus introduces 'Passkeys Wallet' to make Web3 more accessible, supporting Bitcoin and other blockchains","Passkeys are WebAuthn credentials that use public-key cryptography for user authentication, offering improved security over traditional passwords by being phishing-resistant and not requiring server-side storage of secrets.",https://en.wikipedia.org/wiki/Passkey_(authentication),
0ZV2YGDJ3pwadp3,"Skillsoft teams up with Microsoft to launch a major AI training program, helping organizations master Copilot and Azure Open AI for enhanced productivity.","Microsoft Copilot is a generative AI chatbot integrated across Microsoft's products, including Windows, Office 365, and Bing. It utilizes OpenAI's GPT-4 model and offers both free and premium (Copilot Pro) tiers, with the latter priced at $20 per month.",https://en.wikipedia.org/wiki/Microsoft_Copilot,
C5PxUgtbFg6mi1t,"Prelude Therapeutics partners with Merck to test new cancer drug combination, pairing its SMARCA2 degrader with Merck's Keytruda for SMARCA4-mutated cancers.","SMARCA2 encodes a protein involved in chromatin remodeling and transcriptional regulation as part of the SNF/SWI complex. Mutations in SMARCA2 are associated with Nicolaides-Baraitser Syndrome, highlighting its importance in human health and development.",https://en.wikipedia.org/wiki/SMARCA2,
V5xKrzGkBsxiUzl,"Voltage unveils groundbreaking Bitcoin Core product, empowering enterprises with enhanced efficiency and security in managing Bitcoin transactions","The Lightning Network is a layer-2 payment protocol built on top of Bitcoin, designed to enable fast and cheap transactions through a network of payment channels, addressing Bitcoin's scalability issues. It allows for off-chain transactions that are later settled on the blockchain, potentially increasing transaction speed and reducing fees.",https://en.wikipedia.org/wiki/Lightning_Network,
iozSZWZw4gvHxuL,"HSBC teams up with Visa to launch Zing, a groundbreaking international payments app featuring multi-currency wallets and open banking","Open banking allows financial data sharing between banks and third-party providers through APIs, promoting competition and innovation in financial services. While it offers potential benefits like greater transparency and new services, it also raises concerns about security risks, privacy, and potential exploitation of consumers.",https://en.wikipedia.org/wiki/Open_banking,
nIbH8CgW4hTivCZ,Meta to crack down on posts targeting 'Zionists' when used as a proxy for Jewish people in effort to combat antisemitism,,https://en.wikipedia.org/wiki/Antisemitism,
uvWpZPSnUVRVXbp,"Deloitte teams up with AWS to boost client capabilities in AI, data analytics, and quantum computing, launching an Innovation Lab for cutting-edge tech solutions.","Quantum computing leverages quantum mechanical phenomena to perform computations exponentially faster than classical computers for certain problems. While it shows promise for cryptography, optimization, and quantum simulations, significant technical challenges remain in building large-scale, fault-tolerant quantum computers.",https://en.wikipedia.org/wiki/Quantum_computing,
6optav1R7nB8KD5,"Palantir expands AI reach through partnership with Oracle, making its Foundry and AIP platforms available on Oracle's cloud infrastructure.","Oracle Cloud Infrastructure (OCI) is a comprehensive cloud computing service offering IaaS, PaaS, SaaS, and DaaS, supporting various open standards and programming languages. As of July 2023, OCI is available in 44 regions globally, including specialized government cloud options with high-level security compliance.",https://en.wikipedia.org/wiki/Oracle_Cloud,
ei7miFpt283QnQP,"Eli Lilly's Mounjaro proves more effective for weight loss than Novo Nordisk's Ozempic in new study, showing nearly double the body weight reduction over a year.","Mounjaro (tirzepatide) is a dual GIP and GLP-1 receptor agonist used for treating type 2 diabetes and weight loss, administered via subcutaneous injection. It was approved by the FDA for diabetes treatment in May 2022 and for weight loss in November 2023, with clinical trials showing superior glycemic control and weight reduction compared to existing medications.",https://en.wikipedia.org/wiki/Tirzepatide,
X6x6i7tNWf5efWC,"Venture capital giant Andreessen Horowitz is renting out thousands of Nvidia H100 processors to AI startups, aiming to boost innovation in artificial intelligence.","The Nvidia H100 is a high-performance GPU based on the Hopper architecture, designed for data centers and AI applications. It offers significant improvements over previous generations, including 80 billion transistors, up to 144 streaming multiprocessors, and support for HBM3 memory with 3 TB/s bandwidth.",https://en.wikipedia.org/wiki/Nvidia_H100,
6PHv7LgKfrwoCv2,"Apple Arcade expands its lineup with three new games, including a spatial experience for Vision Pro, while updating fan favorites.","Apple Vision Pro is a mixed-reality headset set for release in multiple countries throughout June and July 2024, with a starting price of $3,499. It features advanced eye-tracking, hand gesture controls, and a unique 'EyeSight' display, positioning itself as a 'spatial computer' rather than a traditional VR headset.",https://en.wikipedia.org/wiki/Apple_Vision_Pro,
5yMCsYtHFrgZz9i,"Boeing 737 Max 8 incident leads to discovery of structural damage, prompting investigation","Dutch roll is an aircraft motion combining yaw and roll, often more pronounced in swept-wing aircraft. It can be mitigated by yaw dampers and is influenced by factors like wing placement, sweep, and dihedral angle.",https://en.wikipedia.org/wiki/Dutch_roll,
yDaoPq25KytIjnj,IBM's acquisition of HashiCorp faces potential hurdles as investors worry about antitrust scrutiny and possible delays.,"HashiCorp is a software company founded in 2012 that provides tools for cloud infrastructure management. In April 2024, IBM announced plans to acquire HashiCorp, with the deal expected to close by the end of the year.",https://en.wikipedia.org/wiki/HashiCorp,
zcfKWMofv1Z3C6u,"Amazon unveils Graviton4, its latest custom chip for AWS, promising major performance boosts and cost savings for cloud customers.","AWS Graviton processors are ARM-based CPUs designed by Amazon for improved performance and energy efficiency in cloud computing. Each generation (Graviton, Graviton2, Graviton3, and now Graviton4) has offered significant improvements in performance and power consumption compared to x86-64 alternatives, with Graviton4 promising up to 40% faster database performance than its predecessor.",https://en.wikipedia.org/wiki/AWS_Graviton,
CO2IpYSXjzbHVDy,"Signia Aerospace to acquire Goodrich Hoist & Winch from RTX's Collins Aerospace, boosting its mission systems capabilities for helicopter and rescue operations.","RTX Corporation is a major American aerospace and defense conglomerate formed by the merger of United Technologies and Raytheon in 2020. It is one of the largest aerospace and defense manufacturers globally, with significant revenue from U.S. government contracts and a strong presence in aircraft engines, avionics, missiles, and cybersecurity.",https://en.wikipedia.org/wiki/RTX_Corporation,
Y6R7mfSvedreKU2,"TON Application Chain partners with Polygon Labs to bring Ethereum-compatible DApps to the TON ecosystem, expanding services for users.","Decentralized applications (DApps) are autonomous applications running on blockchain networks, typically using smart contracts. They operate without central control, distribute ownership tokens, and cover various categories including finance, gaming, and exchanges, with Ethereum being the largest DApp platform.",https://en.wikipedia.org/wiki/Decentralized_application,
cLWVgIlyRllilmG,Honeywell expands energy transformation capabilities with $1.8 billion acquisition of Air Products' LNG system business,,https://en.wikipedia.org/wiki/Honeywell,
v0YG0AOwVOCtO60,"Amazon's AWS launches AI-powered App Studio, enabling non-coders to create enterprise software using written prompts",,https://en.wikipedia.org/wiki/Amazon_Web_Services,
s4dVXJH3e1XM60N,"Elastic adds support for Amazon Bedrock models, empowering developers to build advanced AI applications with ease",,https://en.wikipedia.org/wiki/Elasticsearch,
